{
    "train_loss": [
        0.4053861493313754,
        0.2348624536284694,
        0.1958662622504764,
        0.20944025019804638,
        0.15266602646421504,
        0.11683194681450172,
        0.12238846884833442,
        0.1320670383395972,
        0.14107051844950075,
        0.11299441153252567,
        0.0945054938395818,
        0.09223379498278653
    ],
    "val_loss": [
        0.2730917278263304,
        0.22889088425371382,
        0.43330853018495774,
        0.42555421590805054,
        0.21690826151106093,
        0.19314646654658849,
        0.23394747740692562,
        0.2694464905394448,
        0.32326763934559294,
        0.20656811396280925,
        0.21836200455824534,
        0.2575812647740046
    ],
    "train_acc": [
        0.845679012345679,
        0.9265432098765433,
        0.9518518518518518,
        0.9425925925925925,
        0.971604938271605,
        0.9864197530864197,
        0.9839506172839506,
        0.980246913580247,
        0.9746913580246913,
        0.987037037037037,
        0.991358024691358,
        0.9950617283950617
    ],
    "val_acc": [
        0.9148148148148149,
        0.9407407407407408,
        0.8722222222222222,
        0.8629629629629629,
        0.9444444444444444,
        0.9629629629629629,
        0.9351851851851852,
        0.924074074074074,
        0.8907407407407407,
        0.9314814814814815,
        0.9444444444444444,
        0.9444444444444444
    ]
}